{
    "n_light": 81,
    "imhw": [
        512,
        512
    ],
    "K": [
        [
            308.0000000000000,
            0.0,
            256.0
        ],
        [
            0.0,
            308.0000000000000,
            256.0
        ],
        [
            0.0,
            0.0,
            1.0
        ]
    ]
}    