{
    "n_light": 71,
    "imhw": [
        512,
        512
    ],
    "K": [
        [
            613.2705078125,
            0.0,
            262.82708740234375
        ],
        [
            0.0,
            613.7022094726562,
            259.7623291015625
        ],
        [
            0.0,
            0.0,
            1.0
        ]
    ]
}