{
    "n_light": 65,
    "imhw": [
        512,
        512
    ],
    "K": [
        [
            817.6939697265625,
            0.0,
            268.1748046875
        ],
        [
            0.0,
            818.2695922851562,
            301.9764709472656
        ],
        [
            0.0,
            0.0,
            1.0
        ]
    ]
}